功能,測試情境,使用者輸入,預期 LLM 回應
初發,精準指令,發證台語認證,成功寄出
初發,精準指令,請發證台語認證,成功寄出
初發,精準指令,台語認證立即發證,成功寄出
初發,精準指令,立即核發台語證書,成功寄出
初發,簡短命令,幫我發台語認證,成功寄出
初發,簡短命令,台語認證快點發,成功寄出
初發,簡短命令,發台語證書,成功寄出
初發,簡短命令,台語證快發,成功寄出
初發,冗長命令,幫我寄出這些人的台語認證,成功寄出
初發,冗長命令,請協助將下列名單的台語證書全部寄出,成功寄出
初發,冗長命令,麻煩一次寄發所有人員的台語認證,成功寄出
初發,冗長命令,把名冊裡的人台語認證都寄出去,成功寄出
初發,模糊口語,收到台語認證,成功寄出
初發,模糊口語,台語那張證書要寄喔,成功寄出
初發,模糊口語,台語證記得發,成功寄出
初發,模糊口語,台語那張幫寄一下,成功寄出
初發,錯誤拼字,發贈台語認證,成功寄出
初發,錯誤拼字,發證台語認鎮,成功寄出
初發,錯誤拼字,發憑台語認證,成功寄出
初發,錯誤拼字,發證台語認正,成功寄出
初發,未滿足欄位＋精準指令,發證,提示補充證書種類
初發,未滿足欄位＋精準指令,請幫我發證,提示補充證書種類
初發,未滿足欄位＋精準指令,發一下證書,提示補充證書種類
初發,未滿足欄位＋精準指令,我要發證書,提示補充證書種類
初發,未滿足欄位＋簡短命令,幫我發證書,提示補充證書種類
初發,未滿足欄位＋簡短命令,證書發一下,提示補充證書種類
初發,未滿足欄位＋簡短命令,發證書給他們,提示補充證書種類
初發,未滿足欄位＋簡短命令,證書快發,提示補充證書種類
初發,未滿足欄位＋冗長命令,幫我寄出這些人的證書,提示補充證書種類
初發,未滿足欄位＋冗長命令,請把名單內所有人的證書都寄出,提示補充證書種類
初發,未滿足欄位＋冗長命令,需要將清單中的證書一次寄發,提示補充證書種類
初發,未滿足欄位＋冗長命令,把他們的證書整批寄出,提示補充證書種類
初發,未滿足欄位＋模糊口語,寄出證書,提示補充證書種類
初發,未滿足欄位＋模糊口語,證書寄一下,提示補充證書種類
初發,未滿足欄位＋模糊口語,證書幫忙處理,提示補充證書種類
初發,未滿足欄位＋模糊口語,證書寄過去,提示補充證書種類
初發,未滿足欄位＋錯誤拼字,發贈,提示補充證書種類
初發,未滿足欄位＋錯誤拼字,發鎮,提示補充證書種類
初發,未滿足欄位＋錯誤拼字,發證ㄉ,提示補充證書種類
初發,未滿足欄位＋錯誤拼字,發憑,提示補充證書種類
初發,多筆合併指令,幫我發台語認證和家庭認證,提示只能進行一種發證或分開操作
初發,多筆合併指令,同時發台語與客語證書,提示只能進行一種發證或分開操作
初發,多筆合併指令,我要台語跟英文證都寄,提示只能進行一種發證或分開操作
初發,多筆合併指令,請一起寄台語及華語證書,提示只能進行一種發證或分開操作
補發,精準指令,補發A123456789台語認證,成功寄出
補發,精準指令,補寄A123456789台語證書,成功寄出
補發,精準指令,重新寄送A123456789台語證,成功寄出
補發,精準指令,台語證A123456789補發,成功寄出
補發,簡短命令,補發王小明A123456789的台語認證,成功寄出
補發,簡短命令,王小明A123456789台語證補寄,成功寄出
補發,簡短命令,麻煩補寄王小明的台語證,成功寄出
補發,簡短命令,台語證書補發給王小明,成功寄出
補發,冗長命令,A123456789王小明說他沒收到，請幫我補發他的台語證書,成功寄出
補發,冗長命令,王小明A123456789表示遺失，請重寄台語證,成功寄出
補發,冗長命令,A123456789王小明反映證書未收到，需補發,成功寄出
補發,冗長命令,王小明（ID A123456789）缺失台語證，請補寄,成功寄出
補發,模糊口語,A123456789台語認證可以再發一次嗎？,成功寄出
補發,模糊口語,能不能再寄一次A123456789的台語證,成功寄出
補發,模糊口語,A123456789那張台語證幫我重寄,成功寄出
補發,模糊口語,台語證A123456789再發一份,成功寄出
補發,錯誤拼字,補髮 A123456789 台語認證,成功寄出
補發,錯誤拼字,補髮A123456789台語證書,成功寄出
補發,錯誤拼字,補發 A123456789 台語認鎮,成功寄出
補發,錯誤拼字,補罰 A123456789 台語證,成功寄出
補發,未滿足欄位＋精準指令,補發王小明台語認證,如果未找到唯一值要提示給身分證號
補發,未滿足欄位＋精準指令,王小明台語證補發,如果未找到唯一值要提示給身分證號
補發,未滿足欄位＋精準指令,補發小明的台語證,如果未找到唯一值要提示給身分證號
補發,未滿足欄位＋精準指令,補寄王小明台語證,如果未找到唯一值要提示給身分證號
補發,未滿足欄位＋簡短命令,補發王小明,如果未找到唯一值要提示給身分證號、證書種類
補發,未滿足欄位＋簡短命令,補寄王小明,如果未找到唯一值要提示給身分證號、證書種類
補發,未滿足欄位＋簡短命令,王小明補發,如果未找到唯一值要提示給身分證號、證書種類
補發,未滿足欄位＋簡短命令,補王小明證書,如果未找到唯一值要提示給身分證號、證書種類
補發,未滿足欄位＋冗長命令,王小明說他沒收到，請幫我補發他的台語證書,如果未找到唯一值要提示給身分證號
補發,未滿足欄位＋冗長命令,王小明遺失證書，請補寄台語證,如果未找到唯一值要提示給身分證號
補發,未滿足欄位＋冗長命令,王小明的證書不見了麻煩補發,如果未找到唯一值要提示給身分證號
補發,未滿足欄位＋冗長命令,王小明台語證書沒到請補寄,如果未找到唯一值要提示給身分證號
補發,未滿足欄位＋模糊口語,王小明台語認證可以再發一次嗎？,如果未找到唯一值要提示給身分證號
補發,未滿足欄位＋模糊口語,小明的台語證再寄一次,如果未找到唯一值要提示給身分證號
補發,未滿足欄位＋模糊口語,台語證給小明再發一份,如果未找到唯一值要提示給身分證號
補發,未滿足欄位＋模糊口語,小明那張證書再補一下,如果未找到唯一值要提示給身分證號
補發,未滿足欄位＋錯誤拼字,補髮 台語認證,如果未找到唯一值要提示給身分證號
補發,未滿足欄位＋錯誤拼字,補罰 台語認證,如果未找到唯一值要提示給身分證號
補發,未滿足欄位＋錯誤拼字,補髮台語證書,如果未找到唯一值要提示給身分證號
補發,未滿足欄位＋錯誤拼字,補發台語認鎮,如果未找到唯一值要提示給身分證號
補發,多筆合併指令,補發王小明與陳小華的證書,如果有上傳兩筆資料，可以成功寄出
補發,多筆合併指令,同時補發王小明及陳小華台語證,如果有上傳兩筆資料，可以成功寄出
補發,多筆合併指令,請補寄小明小華二人的台語證,如果有上傳兩筆資料，可以成功寄出
補發,多筆合併指令,補寄王小明、陳小華台語認證,如果有上傳兩筆資料，可以成功寄出
補發,含上一輪脈絡,（上一輪提到王小明），這位也要補發,指示指令完整、提示補充參數
補發,含上一輪脈絡,也請補發他上一張講過的證書,指示指令完整、提示補充參數
補發,含上一輪脈絡,那位也想再拿一次證書,指示指令完整、提示補充參數
補發,含上一輪脈絡,上一輪提到的人也麻煩補寄,指示指令完整、提示補充參數
